scientific_name	status	flowering_months	source_text	source_url	profile_modified	event	region	license	retrieved
Acacia acinacea	documented	7,8,9,10,11	Flowers Jul.–Nov.	https://vicflora.rbg.vic.gov.au/flora/taxon/63bd1b91-99f6-4eff-b093-675b249e7aad	2018-08-27	flowering	Victoria	CC BY 4.0, Royal Botanic Gardens Victoria (VicFlora)	2026-09-25
Acacia dealbata	no_statement			https://vicflora.rbg.vic.gov.au/flora/taxon/0c8e21a6-fe09-4835-84e1-d9531ad24728	2022-07-24	flowering	Victoria	CC BY 4.0, Royal Botanic Gardens Victoria (VicFlora)	2026-09-25
Acacia implexa	documented	1,2,3,12	Flowers Dec.–Mar.	https://vicflora.rbg.vic.gov.au/flora/taxon/7d607d97-2df6-4817-8415-3a82555bce42		flowering	Victoria	CC BY 4.0, Royal Botanic Gardens Victoria (VicFlora)	2026-09-25
Acacia mearnsii	documented	9,10,11	Flowers Sep.–Nov.	https://vicflora.rbg.vic.gov.au/flora/taxon/a72a846c-7a92-4a4a-8dca-e2582a0f393e		flowering	Victoria	CC BY 4.0, Royal Botanic Gardens Victoria (VicFlora)	2026-09-25
Acacia melanoxylon	documented	8,9,10	Flowers Aug.–Oct.	https://vicflora.rbg.vic.gov.au/flora/taxon/a7b5e691-0803-40d6-a1d4-dd96e54720a0		flowering	Victoria	CC BY 4.0, Royal Botanic Gardens Victoria (VicFlora)	2026-09-25
Acacia paradoxa	documented	8,9,10,11	Flowers Aug.–Nov.	https://vicflora.rbg.vic.gov.au/flora/taxon/fc1c0e04-bf6f-4220-aac8-7a26a9eb36dc	2016-05-15	flowering	Victoria	CC BY 4.0, Royal Botanic Gardens Victoria (VicFlora)	2026-09-25
Acacia pycnantha	documented	8,9,10	Flowers Aug.–Oct.	https://vicflora.rbg.vic.gov.au/flora/taxon/20f70d14-0560-467d-a05e-e23eefc93ac6		flowering	Victoria	CC BY 4.0, Royal Botanic Gardens Victoria (VicFlora)	2026-09-25
Acacia verticillata	no_statement			https://vicflora.rbg.vic.gov.au/flora/taxon/4014dc41-ab27-44fa-aef9-d109934061b9	2018-08-27	flowering	Victoria	CC BY 4.0, Royal Botanic Gardens Victoria (VicFlora)	2026-09-25
Acaena novae-zelandiae	documented	1,2,3,4,9,10,11,12	Flowers and fruits Sep.–Apr.	https://vicflora.rbg.vic.gov.au/flora/taxon/4dc33918-59b1-4f71-9702-928c603f44eb	2019-09-04	flowering	Victoria	CC BY 4.0, Royal Botanic Gardens Victoria (VicFlora)	2026-09-25
Aizoon pubescens	documented	1,2,3,4,10,11,12	Flowers Oct.–Apr.	https://vicflora.rbg.vic.gov.au/flora/taxon/563f8d13-726f-4dd2-8460-db4bbb555f5a	2020-11-12	flowering	Victoria	CC BY 4.0, Royal Botanic Gardens Victoria (VicFlora)	2026-09-25
Allium triquetrum	documented	8,9,10,11	Flowers Aug.–Nov.	https://vicflora.rbg.vic.gov.au/flora/taxon/88b31d41-7bd4-4583-ae99-56a728936720	2018-12-03	flowering	Victoria	CC BY 4.0, Royal Botanic Gardens Victoria (VicFlora)	2026-09-25
Allocasuarina verticillata	documented	1,2,3,4,5,6,7,8,9,10,11,12	Flowers all year.	https://vicflora.rbg.vic.gov.au/flora/taxon/08e8dacc-5804-4ce7-9dec-f3e34960d801	2017-11-29	flowering	Victoria	CC BY 4.0, Royal Botanic Gardens Victoria (VicFlora)	2026-09-25
Araujia sericifera	documented	1,2,3,4,5,12	Flowers summer–autumn.	https://vicflora.rbg.vic.gov.au/flora/taxon/c25cad87-d3ff-47a5-b8fd-79e5db7b7369	2018-05-02	flowering	Victoria	CC BY 4.0, Royal Botanic Gardens Victoria (VicFlora)	2026-09-25
Arctotheca calendula	documented	9,10,11	Flowers Sep.–Nov.	https://vicflora.rbg.vic.gov.au/flora/taxon/2e2f45c1-5adb-4eec-8e1d-dd20c60200ac	2018-05-09	flowering	Victoria	CC BY 4.0, Royal Botanic Gardens Victoria (VicFlora)	2026-09-25
Atriplex cinerea	no_statement			https://vicflora.rbg.vic.gov.au/flora/taxon/94c5bd77-1c9b-404a-9c40-aba63242ac9a		flowering	Victoria	CC BY 4.0, Royal Botanic Gardens Victoria (VicFlora)	2026-09-25
Atriplex semibaccata	no_statement			https://vicflora.rbg.vic.gov.au/flora/taxon/b0c88d5d-ba8f-40b8-b5a4-e3a610171742	2021-03-22	flowering	Victoria	CC BY 4.0, Royal Botanic Gardens Victoria (VicFlora)	2026-09-25
Banksia integrifolia	no_statement			https://vicflora.rbg.vic.gov.au/flora/taxon/36a63a70-f6bb-44aa-9b00-fc71b4264b5e	2020-12-01	flowering	Victoria	CC BY 4.0, Royal Botanic Gardens Victoria (VicFlora)	2026-09-25
Banksia marginata	documented	2,3,4,5,6,7	Flowers mainly Feb.–Jul.	https://vicflora.rbg.vic.gov.au/flora/taxon/d53901b2-4f12-47e6-a8ad-7f57b8d32c42	2019-05-08	flowering	Victoria	CC BY 4.0, Royal Botanic Gardens Victoria (VicFlora)	2026-09-25
Bellis perennis	documented	1,2,3,4,5,6,7,8,9,10,11,12	Flowers most of year (rarely in winter).	https://vicflora.rbg.vic.gov.au/flora/taxon/8627a31b-68ee-4c31-911d-e2bd9a6452ee	2018-02-23	flowering	Victoria	CC BY 4.0, Royal Botanic Gardens Victoria (VicFlora)	2026-09-25
Brachyscome multifida	documented	1,2,9,10,11,12	Flowers mostly Sep.–Feb.	https://vicflora.rbg.vic.gov.au/flora/taxon/773bcadc-9367-482d-9312-a97ab064e0ee	2017-11-17	flowering	Victoria	CC BY 4.0, Royal Botanic Gardens Victoria (VicFlora)	2026-09-25
Brassica fruticulosa	documented	1,2,3,4,5,6,7,8,9,10,11,12	Flowers most of year except mid-summer.	https://vicflora.rbg.vic.gov.au/flora/taxon/288f7247-0a47-45e6-ae29-43d09a6b18bf	2018-10-01	flowering	Victoria	CC BY 4.0, Royal Botanic Gardens Victoria (VicFlora)	2026-09-25
Briza maxima	documented	8,9,10,11,12	Flowers Aug.–Dec.	https://vicflora.rbg.vic.gov.au/flora/taxon/b69b4c51-96ea-4f2c-b27e-f885dd76a69f	2020-01-02	flowering	Victoria	CC BY 4.0, Royal Botanic Gardens Victoria (VicFlora)	2026-09-25
Bromus catharticus	no_statement			https://vicflora.rbg.vic.gov.au/flora/taxon/ec130011-3f45-4621-9c3b-a1f3a63de1e6	2017-07-07	flowering	Victoria	CC BY 4.0, Royal Botanic Gardens Victoria (VicFlora)	2026-09-25
Bromus diandrus	documented	9,10,11	Flowers Sep.–Nov.	https://vicflora.rbg.vic.gov.au/flora/taxon/e71f9c19-b7a7-41f6-bcf7-946480d0c1f9	2017-12-18	flowering	Victoria	CC BY 4.0, Royal Botanic Gardens Victoria (VicFlora)	2026-09-25
Bursaria spinosa	no_statement			https://vicflora.rbg.vic.gov.au/flora/taxon/536205ee-a735-4b04-b31f-4745f57e9588	2021-02-08	flowering	Victoria	CC BY 4.0, Royal Botanic Gardens Victoria (VicFlora)	2026-09-25
Callistemon citrinus	documented	11,12	Flowers Nov.–Dec	https://vicflora.rbg.vic.gov.au/flora/taxon/854224ac-ba1d-4020-9fed-e483a7d22cbb	2016-06-23	flowering	Victoria	CC BY 4.0, Royal Botanic Gardens Victoria (VicFlora)	2026-09-25
Callistemon sieberi	documented	1,11,12	Flowers mostly Nov.–Jan.	https://vicflora.rbg.vic.gov.au/flora/taxon/2c525e69-b943-40a1-b672-fd9c3a8fbf45	2022-05-17	flowering	Victoria	CC BY 4.0, Royal Botanic Gardens Victoria (VicFlora)	2026-09-25
Cassinia longifolia	documented	1,2,11,12	Flowers Nov.–Feb.	https://vicflora.rbg.vic.gov.au/flora/taxon/650ecad1-5d49-46a8-a50f-a1414c67941b		flowering	Victoria	CC BY 4.0, Royal Botanic Gardens Victoria (VicFlora)	2026-09-25
Cenchrus clandestinus	documented	1,2,3,4	Flowers Jan.–Apr.	https://vicflora.rbg.vic.gov.au/flora/taxon/bd22f2b1-0b54-4e53-959b-884a246cbfc8	2018-11-13	flowering	Victoria	CC BY 4.0, Royal Botanic Gardens Victoria (VicFlora)	2026-09-25
Chloris truncata	documented	1,2,3,4,5,6,11,12	Flowers Nov.–Jun.	https://vicflora.rbg.vic.gov.au/flora/taxon/ae5ae3e2-8e1e-431f-97e2-66ba94d562c1		flowering	Victoria	CC BY 4.0, Royal Botanic Gardens Victoria (VicFlora)	2026-09-25
Chrysocephalum apiculatum	documented	1,2,9,10,11,12	Flowers mostly spring and summer.	https://vicflora.rbg.vic.gov.au/flora/taxon/f8057638-4def-4448-afb6-7d90de1fae74	2017-12-04	flowering	Victoria	CC BY 4.0, Royal Botanic Gardens Victoria (VicFlora)	2026-09-25
Chrysocephalum semipapposum	documented	1,2,9,10,11,12	Flowers mostly spring and summer.	https://vicflora.rbg.vic.gov.au/flora/taxon/599ebb54-e248-4758-a45c-965b802f66ff	2018-02-01	flowering	Victoria	CC BY 4.0, Royal Botanic Gardens Victoria (VicFlora)	2026-09-25
Clematis microphylla	documented	6,7,8,9	Flowers Jun.–Sep.	https://vicflora.rbg.vic.gov.au/flora/taxon/08d7e9bc-c930-41f1-b06d-e09520b24158	2017-06-13	flowering	Victoria	CC BY 4.0, Royal Botanic Gardens Victoria (VicFlora)	2026-09-25
Coprosma repens	documented	9,10,11,12	Flowers Sep.–Dec.	https://vicflora.rbg.vic.gov.au/flora/taxon/f349ca7f-0040-4c9e-9883-6f48668513fd	2020-01-21	flowering	Victoria	CC BY 4.0, Royal Botanic Gardens Victoria (VicFlora)	2026-09-25
Correa glabra	no_statement			https://vicflora.rbg.vic.gov.au/flora/taxon/1b4d130b-b50e-4e74-b9f8-f891d3a4def5	2016-05-31	flowering	Victoria	CC BY 4.0, Royal Botanic Gardens Victoria (VicFlora)	2026-09-25
Cymbalaria muralis	no_statement			https://vicflora.rbg.vic.gov.au/flora/taxon/4ca26e8b-115c-4854-9772-8e8d5808efae		flowering	Victoria	CC BY 4.0, Royal Botanic Gardens Victoria (VicFlora)	2026-09-25
Cynodon dactylon	no_statement			https://vicflora.rbg.vic.gov.au/flora/taxon/93a443f9-db63-4338-bb04-14cc16979fa9		flowering	Victoria	CC BY 4.0, Royal Botanic Gardens Victoria (VicFlora)	2026-09-25
Cyperus eragrostis	documented	1,2,9,10,11,12	Flowers spring–summer.	https://vicflora.rbg.vic.gov.au/flora/taxon/1591e06a-1275-4e7c-9f4e-d040cf30bc1a		flowering	Victoria	CC BY 4.0, Royal Botanic Gardens Victoria (VicFlora)	2026-09-25
Dactylis glomerata	documented	1,11,12	Flowers Nov.–Jan.	https://vicflora.rbg.vic.gov.au/flora/taxon/40348658-ea95-4d41-8ba3-c054b703d8cf		flowering	Victoria	CC BY 4.0, Royal Botanic Gardens Victoria (VicFlora)	2026-09-25
Dianella revoluta	no_statement			https://vicflora.rbg.vic.gov.au/flora/taxon/2c50f8b2-db48-4a27-831a-7e471fdaa39b	2021-04-21	flowering	Victoria	CC BY 4.0, Royal Botanic Gardens Victoria (VicFlora)	2026-09-25
Dichondra repens	documented	1,2,9,10,11,12	Flowers mainly spring and summer.	https://vicflora.rbg.vic.gov.au/flora/taxon/3b9d7141-690a-4800-91d9-81b7c62a9dc0	2019-02-06	flowering	Victoria	CC BY 4.0, Royal Botanic Gardens Victoria (VicFlora)	2026-09-25
Dodonaea viscosa	documented	1,2,9,10,11,12	Flowers mostly spring and summer.	https://vicflora.rbg.vic.gov.au/flora/taxon/26a2dd86-3afa-43cf-8f95-83d8cf125ec2	2021-10-10	flowering	Victoria	CC BY 4.0, Royal Botanic Gardens Victoria (VicFlora)	2026-09-25
Ehrharta erecta	documented	1,2,3,4,5,6,7,8,9,10,11,12	Flowers all year, mostly Sep.–Mar.	https://vicflora.rbg.vic.gov.au/flora/taxon/98afbe18-cdee-4765-a0b7-738fcb3fe958	2017-06-26	flowering	Victoria	CC BY 4.0, Royal Botanic Gardens Victoria (VicFlora)	2026-09-25
Ehrharta longiflora	documented	8,9,10,11,12	Flowers mainly Aug.–Dec	https://vicflora.rbg.vic.gov.au/flora/taxon/ca19305b-9e97-4795-a86d-b37e36c67950	2017-09-22	flowering	Victoria	CC BY 4.0, Royal Botanic Gardens Victoria (VicFlora)	2026-09-25
Einadia nutans	no_statement			https://vicflora.rbg.vic.gov.au/flora/taxon/2a660165-84c5-445a-b132-85b53442566b	2019-02-19	flowering	Victoria	CC BY 4.0, Royal Botanic Gardens Victoria (VicFlora)	2026-09-25
Enchylaena tomentosa	no_statement			https://vicflora.rbg.vic.gov.au/flora/taxon/5e9bce53-2197-448f-80a6-6ccaf6ac58c3		flowering	Victoria	CC BY 4.0, Royal Botanic Gardens Victoria (VicFlora)	2026-09-25
Erigeron bonariensis	documented	1,2,3,4,5,9,10,11,12	Flowering mostly spring–autumn.	https://vicflora.rbg.vic.gov.au/flora/taxon/ce01f286-fb0d-4a97-9007-4295c37065b8	2019-03-15	flowering	Victoria	CC BY 4.0, Royal Botanic Gardens Victoria (VicFlora)	2026-09-25
Eucalyptus camaldulensis	documented	1,2,12	Flowers summer.	https://vicflora.rbg.vic.gov.au/flora/taxon/b81ef7c6-89a0-45d7-9b2b-cebb16c7033a	2018-08-28	flowering	Victoria	CC BY 4.0, Royal Botanic Gardens Victoria (VicFlora)	2026-09-25
Eucalyptus globoidea	documented	1,9,10,11,12	Flowers Sep.–Jan.	https://vicflora.rbg.vic.gov.au/flora/taxon/78d38913-6a2a-49c5-9538-a5f52deed645		flowering	Victoria	CC BY 4.0, Royal Botanic Gardens Victoria (VicFlora)	2026-09-25
Eucalyptus leucoxylon	no_statement			https://vicflora.rbg.vic.gov.au/flora/taxon/2d91bdc1-4243-4949-bb55-aa26cb06fa7d	2019-04-15	flowering	Victoria	CC BY 4.0, Royal Botanic Gardens Victoria (VicFlora)	2026-09-25
Eucalyptus melliodora	documented	1,2,7,8,9,10,11,12	Flowers Jul.–Feb.	https://vicflora.rbg.vic.gov.au/flora/taxon/88981ca8-2834-4c0a-a06f-5b82401971c5	2021-10-19	flowering	Victoria	CC BY 4.0, Royal Botanic Gardens Victoria (VicFlora)	2026-09-25
Ficinia nodosa	documented	9,10,11	Flowers spring.	https://vicflora.rbg.vic.gov.au/flora/taxon/db9071f2-6eb0-4c01-bfef-c8fbdd021602	2022-06-16	flowering	Victoria	CC BY 4.0, Royal Botanic Gardens Victoria (VicFlora)	2026-09-25
Foeniculum vulgare	documented	1,2,9,10,11,12	Flowers spring and summer.	https://vicflora.rbg.vic.gov.au/flora/taxon/cd10828b-4e96-47b8-99a2-285c3a9970cc	2019-11-07	flowering	Victoria	CC BY 4.0, Royal Botanic Gardens Victoria (VicFlora)	2026-09-25
Fraxinus angustifolia	no_statement			https://vicflora.rbg.vic.gov.au/flora/taxon/4cf89d61-b451-4196-8ef3-8cec520a2183	2019-08-28	flowering	Victoria	CC BY 4.0, Royal Botanic Gardens Victoria (VicFlora)	2026-09-25
Fumaria capreolata	documented	9,10,11	Flowers mostly Sep.–Nov.	https://vicflora.rbg.vic.gov.au/flora/taxon/3219d186-9dc9-4929-a2b6-a831727580c6	2018-03-26	flowering	Victoria	CC BY 4.0, Royal Botanic Gardens Victoria (VicFlora)	2026-09-25
Galium aparine	documented	1,9,10,11,12	Flowers Sep.–Jan.	https://vicflora.rbg.vic.gov.au/flora/taxon/a44b2334-eac3-4a51-b38d-f6451bc9d7a5	2018-01-24	flowering	Victoria	CC BY 4.0, Royal Botanic Gardens Victoria (VicFlora)	2026-09-25
Goodenia ovata	documented	1,2,3,10,11,12	Flowers mainly Oct.–Mar.	https://vicflora.rbg.vic.gov.au/flora/taxon/7c262d05-5380-49b4-8470-2510a01b5ac9	2017-06-16	flowering	Victoria	CC BY 4.0, Royal Botanic Gardens Victoria (VicFlora)	2026-09-25
Grevillea robusta	documented	9,10,11,12	Flowers Sept.–Dec.	https://vicflora.rbg.vic.gov.au/flora/taxon/6d5b593f-e5e1-407d-883a-7a51b1cbcfc6	2017-11-02	flowering	Victoria	CC BY 4.0, Royal Botanic Gardens Victoria (VicFlora)	2026-09-25
Grevillea rosmarinifolia	documented	9,10,11	Flowers mainly spring.	https://vicflora.rbg.vic.gov.au/flora/taxon/4936d954-8945-41d9-8e59-315bd11a9fe5	2016-10-20	flowering	Victoria	CC BY 4.0, Royal Botanic Gardens Victoria (VicFlora)	2026-09-25
Hardenbergia violacea	documented	8,9,10,11	Flowers mostly Aug.–Nov.	https://vicflora.rbg.vic.gov.au/flora/taxon/b0aae4f9-9366-431a-b65d-7bd7de457797		flowering	Victoria	CC BY 4.0, Royal Botanic Gardens Victoria (VicFlora)	2026-09-25
Helminthotheca echioides	documented	1,2,3,4,5,6,7,8,9,10,11,12	Flowers most of the year.	https://vicflora.rbg.vic.gov.au/flora/taxon/9dbd3806-9685-42c4-9d21-f40a7c25975b	2018-05-09	flowering	Victoria	CC BY 4.0, Royal Botanic Gardens Victoria (VicFlora)	2026-09-25
Hypochaeris radicata	documented	8,9,10,11,12	Flowers mostly Aug.–Dec.	https://vicflora.rbg.vic.gov.au/flora/taxon/caa25649-6aac-4f6a-9685-1eafe5b4e021	2018-05-09	flowering	Victoria	CC BY 4.0, Royal Botanic Gardens Victoria (VicFlora)	2026-09-25
Indigofera australis	documented	9,10,11	Flowers Sep.–Nov.	https://vicflora.rbg.vic.gov.au/flora/taxon/85e9c6d3-3e10-4ef1-a935-10f57ca0bb87	2019-02-13	flowering	Victoria	CC BY 4.0, Royal Botanic Gardens Victoria (VicFlora)	2026-09-25
Jacaranda mimosifolia	not_in_vicflora					flowering	Victoria	CC BY 4.0, Royal Botanic Gardens Victoria (VicFlora)	2026-09-25
Lactuca serriola	documented	1,2,3,4,5,9,10,11,12	Flowers Sep.–May.	https://vicflora.rbg.vic.gov.au/flora/taxon/2d05edb5-3c08-43f8-852b-fd6220ded0ec	2017-06-15	flowering	Victoria	CC BY 4.0, Royal Botanic Gardens Victoria (VicFlora)	2026-09-25
Lepidium africanum	documented	1,2,3,4,5,6,7,8,9,10,11,12	Flowers most of year.	https://vicflora.rbg.vic.gov.au/flora/taxon/fcbe10d3-db39-4f76-bd46-061d1f133d16	2019-11-18	flowering	Victoria	CC BY 4.0, Royal Botanic Gardens Victoria (VicFlora)	2026-09-25
Lomandra longifolia	no_statement			https://vicflora.rbg.vic.gov.au/flora/taxon/379477a3-2398-4a47-b81f-46dd3a735115		flowering	Victoria	CC BY 4.0, Royal Botanic Gardens Victoria (VicFlora)	2026-09-25
Lycium ferocissimum	documented	1,2,9,10,11,12	Flowers mainly spring and summer.	https://vicflora.rbg.vic.gov.au/flora/taxon/b3e0a7b4-1cfe-450b-b8de-2aa3cab20d4e	2017-06-14	flowering	Victoria	CC BY 4.0, Royal Botanic Gardens Victoria (VicFlora)	2026-09-25
Malva parviflora	documented	1,2,3,4,5,6,7,8,9,10,11,12	Flowers most of year.	https://vicflora.rbg.vic.gov.au/flora/taxon/28d3c8f5-cf57-452d-aa97-b9056270d862		flowering	Victoria	CC BY 4.0, Royal Botanic Gardens Victoria (VicFlora)	2026-09-25
Medicago polymorpha	documented	8,9,10,11	Flowers mainly Aug.–Nov.	https://vicflora.rbg.vic.gov.au/flora/taxon/00cfca83-345f-4af5-b273-fda2513882fd		flowering	Victoria	CC BY 4.0, Royal Botanic Gardens Victoria (VicFlora)	2026-09-25
Melia azedarach	documented	9,10,11	Flowers spring.	https://vicflora.rbg.vic.gov.au/flora/taxon/8331e735-33a4-47c1-a809-d91f6bd3adc2		flowering	Victoria	CC BY 4.0, Royal Botanic Gardens Victoria (VicFlora)	2026-09-25
Melicytus dentatus	documented	8,9,10	Flowers Aug.–Oct.	https://vicflora.rbg.vic.gov.au/flora/taxon/8c04cf97-95bf-425f-8a8f-f23f874c01ef	2020-07-28	flowering	Victoria	CC BY 4.0, Royal Botanic Gardens Victoria (VicFlora)	2026-09-25
Modiola caroliniana	documented	1,2,3,9,10,11,12	Flowers Sep.–Mar.	https://vicflora.rbg.vic.gov.au/flora/taxon/03251f00-1b0a-48a0-966d-e2e0d4e50513		flowering	Victoria	CC BY 4.0, Royal Botanic Gardens Victoria (VicFlora)	2026-09-25
Myoporum petiolatum	documented	6,7,8,9,10,11,12	Flowers mainly Jun.–Dec.	https://vicflora.rbg.vic.gov.au/flora/taxon/8eeaa5d7-07ce-4ce3-8d38-e5d8d75ba606		flowering	Victoria	CC BY 4.0, Royal Botanic Gardens Victoria (VicFlora)	2026-09-25
Olearia ramulosa	no_statement			https://vicflora.rbg.vic.gov.au/flora/taxon/14be27e2-f2ea-4cc9-8b55-4354b7281109	2022-05-17	flowering	Victoria	CC BY 4.0, Royal Botanic Gardens Victoria (VicFlora)	2026-09-25
Oxalis pes-caprae	documented	6,7,8,9,10,11	Flowers mainly Jun.–Nov.	https://vicflora.rbg.vic.gov.au/flora/taxon/8f712b1a-9175-4ec0-8ff7-b81d69bcc522	2023-08-04	flowering	Victoria	CC BY 4.0, Royal Botanic Gardens Victoria (VicFlora)	2026-09-25
Parietaria judaica	documented	1,2,3,4,10,11,12	Flowers Oct.–Apr.	https://vicflora.rbg.vic.gov.au/flora/taxon/63770212-1cad-4edc-8e43-884575ca3084	2018-04-17	flowering	Victoria	CC BY 4.0, Royal Botanic Gardens Victoria (VicFlora)	2026-09-25
Paspalum dilatatum	documented	1,2,3,4,5,6,7,12	Flowers Dec.–Jul.	https://vicflora.rbg.vic.gov.au/flora/taxon/03809a3d-80fd-47d7-a854-364ac5d995b7		flowering	Victoria	CC BY 4.0, Royal Botanic Gardens Victoria (VicFlora)	2026-09-25
Pelargonium australe	documented	1,2,3,10,11,12	Flowers Oct.–Mar.	https://vicflora.rbg.vic.gov.au/flora/taxon/2a89a3f9-d669-4638-82d3-2a575e7ca722	2018-12-20	flowering	Victoria	CC BY 4.0, Royal Botanic Gardens Victoria (VicFlora)	2026-09-25
Persicaria decipiens	documented	1,2,3,4,12	Flowers mainly Dec.–Apr.	https://vicflora.rbg.vic.gov.au/flora/taxon/3df54b79-34e0-4bb4-9154-df6c8d53fde4	2019-03-29	flowering	Victoria	CC BY 4.0, Royal Botanic Gardens Victoria (VicFlora)	2026-09-25
Phoenix canariensis	no_statement			https://vicflora.rbg.vic.gov.au/flora/taxon/a3860b68-24a3-424a-8906-1f43be6d3497	2018-10-31	flowering	Victoria	CC BY 4.0, Royal Botanic Gardens Victoria (VicFlora)	2026-09-25
Phragmites australis	documented	1,2,3,4,5,11,12	Flowers mainly Nov.–May.	https://vicflora.rbg.vic.gov.au/flora/taxon/53fba474-8d64-4488-a8d3-28b1ed218314	2021-06-28	flowering	Victoria	CC BY 4.0, Royal Botanic Gardens Victoria (VicFlora)	2026-09-25
Pittosporum undulatum	documented	8,9,10	Flowers mainly Aug.–Oct.	https://vicflora.rbg.vic.gov.au/flora/taxon/3f3f9dc4-294e-415c-b628-3f643323e78a	2017-06-07	flowering	Victoria	CC BY 4.0, Royal Botanic Gardens Victoria (VicFlora)	2026-09-25
Plantago coronopus	no_statement			https://vicflora.rbg.vic.gov.au/flora/taxon/4ae3dc67-ea4a-412b-bf58-a506292e41f5	2019-02-12	flowering	Victoria	CC BY 4.0, Royal Botanic Gardens Victoria (VicFlora)	2026-09-25
Plantago lanceolata	documented	1,2,3,4,5,6,7,8,9,10,11,12	Flowers almost throughout the year but chiefly Sep.–Apr.	https://vicflora.rbg.vic.gov.au/flora/taxon/99cf228a-b007-4cc8-9751-16a9b81b7902	2019-04-01	flowering	Victoria	CC BY 4.0, Royal Botanic Gardens Victoria (VicFlora)	2026-09-25
Platanus × acerifolia	not_in_vicflora					flowering	Victoria	CC BY 4.0, Royal Botanic Gardens Victoria (VicFlora)	2026-09-25
Poa labillardierei	no_statement			https://vicflora.rbg.vic.gov.au/flora/taxon/b5dd411d-ca1e-4886-a989-7745ffd40afb	2020-11-24	flowering	Victoria	CC BY 4.0, Royal Botanic Gardens Victoria (VicFlora)	2026-09-25
Pomaderris aspera	documented	10,11	Flowers Oct.–Nov.	https://vicflora.rbg.vic.gov.au/flora/taxon/05055212-d408-4314-9222-d6890053ef9b	2016-05-15	flowering	Victoria	CC BY 4.0, Royal Botanic Gardens Victoria (VicFlora)	2026-09-25
Quercus robur	no_statement			https://vicflora.rbg.vic.gov.au/flora/taxon/b7415528-aa5c-435d-a13c-a2b33d726385	2016-04-18	flowering	Victoria	CC BY 4.0, Royal Botanic Gardens Victoria (VicFlora)	2026-09-25
Rhagodia parabolica	documented	1,9,10,11,12	Flowers mostly Sep.–Jan.	https://vicflora.rbg.vic.gov.au/flora/taxon/a328d023-a527-4b3c-afe1-8a3822a4f1ad	2019-03-04	flowering	Victoria	CC BY 4.0, Royal Botanic Gardens Victoria (VicFlora)	2026-09-25
Romulea rosea	no_statement			https://vicflora.rbg.vic.gov.au/flora/taxon/fa29ec50-8e02-494f-9257-49b483133b31	2014-11-11	flowering	Victoria	CC BY 4.0, Royal Botanic Gardens Victoria (VicFlora)	2026-09-25
Rumex crispus	documented	1,2,10,11,12	Flowers mainly Oct.–Feb.	https://vicflora.rbg.vic.gov.au/flora/taxon/9969bc3c-76c9-4aa9-aa0e-301b767d1e3c		flowering	Victoria	CC BY 4.0, Royal Botanic Gardens Victoria (VicFlora)	2026-09-25
Senecio quadridentatus	documented	1,2,9,10,11,12	Flowers mostly Sep.–Feb.	https://vicflora.rbg.vic.gov.au/flora/taxon/011e5663-6439-4ea3-8d08-d73e2e5bc9ca		flowering	Victoria	CC BY 4.0, Royal Botanic Gardens Victoria (VicFlora)	2026-09-25
Senna artemisioides	no_statement			https://vicflora.rbg.vic.gov.au/flora/taxon/06490c4f-0355-4cf1-97e6-54d82ff234fe	2019-12-06	flowering	Victoria	CC BY 4.0, Royal Botanic Gardens Victoria (VicFlora)	2026-09-25
Solanum laciniatum	documented	1,2,9,10,11,12	Flowers mostly spring and summer.	https://vicflora.rbg.vic.gov.au/flora/taxon/405b3c14-17cb-41ab-a549-f3aab34e2281	2018-06-18	flowering	Victoria	CC BY 4.0, Royal Botanic Gardens Victoria (VicFlora)	2026-09-25
Solanum nigrum	documented	1,2,3,4,5,6,7,8,9,10,11,12	Flowers throughout the year but mostly spring and summer.	https://vicflora.rbg.vic.gov.au/flora/taxon/6cbcccd1-0091-401e-ada9-5341a2dec101	2018-06-18	flowering	Victoria	CC BY 4.0, Royal Botanic Gardens Victoria (VicFlora)	2026-09-25
Sonchus oleraceus	documented	1,2,3,4,5,6,7,8,9,10,11,12	Flowers most of the year.	https://vicflora.rbg.vic.gov.au/flora/taxon/05d32d07-7c25-46c1-be96-adc822095b01	2016-05-15	flowering	Victoria	CC BY 4.0, Royal Botanic Gardens Victoria (VicFlora)	2026-09-25
Taraxacum officinale	not_in_vicflora					flowering	Victoria	CC BY 4.0, Royal Botanic Gardens Victoria (VicFlora)	2026-09-25
Themeda triandra	documented	1,2,3,4,5,6,7,8,9,10,11,12	Flowers most of year, mainly Oct.–Mar.	https://vicflora.rbg.vic.gov.au/flora/taxon/5c4beccd-3eef-434d-9769-4d187abb91e9		flowering	Victoria	CC BY 4.0, Royal Botanic Gardens Victoria (VicFlora)	2026-09-25
Tradescantia fluminensis	documented	1,2,9,10,11,12	Flowers Sep.–Feb.	https://vicflora.rbg.vic.gov.au/flora/taxon/fc60f8b2-271b-4913-ba1d-ff00791f5a51	2019-07-09	flowering	Victoria	CC BY 4.0, Royal Botanic Gardens Victoria (VicFlora)	2026-09-25
Trifolium repens	no_statement			https://vicflora.rbg.vic.gov.au/flora/taxon/dd9c4fbe-3c56-4ca7-b4a5-ef1181feb581	2018-12-18	flowering	Victoria	CC BY 4.0, Royal Botanic Gardens Victoria (VicFlora)	2026-09-25
Vicia sativa	no_statement			https://vicflora.rbg.vic.gov.au/flora/taxon/ab68a78b-7125-4f3f-8c4a-4e00cd051f64	2018-02-26	flowering	Victoria	CC BY 4.0, Royal Botanic Gardens Victoria (VicFlora)	2026-09-25
Xerochrysum viscosum	documented	1,2,3,9,10,11,12	Flowers Sep.–Mar.	https://vicflora.rbg.vic.gov.au/flora/taxon/3a373597-2846-44dc-889b-851c30cdbcff	2023-01-25	flowering	Victoria	CC BY 4.0, Royal Botanic Gardens Victoria (VicFlora)	2026-09-25
